{"cameraMode":{"drawMode":0,"name":"Shaded","section":"Shading Mode"},"sceneLighting":false,"audioPlay":false,"sceneViewState":{"showFog":true,"showMaterialUpdate":false,"showSkybox":false,"showFlares":true,"showImageEffects":true,"showParticleSystems":true},"in2DMode":false,"pivot":{"x":7.450580596923828e-9,"y":0.07673197984695435,"z":-7.450580596923828e-9},"rotation":{"x":-0.030291005969047548,"y":0.03057844564318657,"z":-0.000927850604057312,"w":-0.9990761876106262},"size":9.114673614501954,"orthographic":false}