{"cameraMode":{"drawMode":0,"name":"Shaded","section":"Shading Mode"},"sceneLighting":false,"audioPlay":false,"sceneViewState":{"showFog":true,"showMaterialUpdate":false,"showSkybox":false,"showFlares":true,"showImageEffects":true,"showParticleSystems":true},"in2DMode":false,"pivot":{"x":0.10301727056503296,"y":1.067805528640747,"z":-0.6001330018043518},"rotation":{"x":-0.030291005969047548,"y":0.03057844564318657,"z":-0.000927850604057312,"w":-0.9990761876106262},"size":3.1709554195404054,"orthographic":false}