{"cameraMode":{"drawMode":0,"name":"Shaded","section":"Shading Mode"},"sceneLighting":false,"audioPlay":false,"sceneViewState":{"showFog":true,"showMaterialUpdate":false,"showSkybox":false,"showFlares":true,"showImageEffects":true,"showParticleSystems":true},"in2DMode":false,"pivot":{"x":4.0,"y":11.20198917388916,"z":1.1920928955078126e-7},"rotation":{"x":-0.030291005969047548,"y":0.03057844564318657,"z":-0.000927850604057312,"w":-0.9990761876106262},"size":3.58146333694458,"orthographic":false}